<?xml version="1.0" encoding="UTF-8"?>
<!DOCTYPE RSyntaxTheme SYSTEM "theme.dtd">
<!--
	Theme that mimics IntelliJ IDEA's defaults.
	See theme.dtd and org.fife.ui.rsyntaxtextarea.Theme for more information.
-->
<RSyntaxTheme version="1.0">

   <!-- Omitting baseFont will use a system-appropriate monospaced. -->
   <!--<baseFont family="..." size="13"/>-->
   
   <!--  General editor colors. -->
   <background color="ffffff"/>
   <caret color="000000"/>
   <selection fg="default" bg="default"/>
   <currentLineHighlight color="ffffd7" fade="false"/>
   <marginLine fg="b0b4b9"/>
   <markAllHighlight color="ccccff"/>
   <markOccurrencesHighlight color="ccccff" border="false"/>
   <matchedBracket fg="99ccff" bg="99ccff" highlightBoth="true" animate="false"/>
   <hyperlinks fg="0000ff"/>
   <secondaryLanguages>
      <language index="1" bg="fff0cc"/>
      <language index="2" bg="dafeda"/>
      <language index="3" bg="ffe0f0"/>
   </secondaryLanguages>

   <!-- Gutter styling. -->
   <gutterBorder color="dddddd"/>
   <lineNumbers fg="787878"/>
   <foldIndicator fg="808080" iconBg="ffffff"/>
   <iconRowHeader activeLineRange="3399ff"/>

   <!-- Syntax tokens. -->
   <tokenStyles>
      <style token="IDENTIFIER" fg="000000"/>
      <style token="RESERVED_WORD" fg="000080" bold="true"/>
      <style token="RESERVED_WORD_2" fg="000080" bold="true"/>
      <style token="ANNOTATION" fg="808000"/>
      <style token="COMMENT_DOCUMENTATION" fg="808080" italic="true"/>
      <style token="COMMENT_EOL" fg="808080" italic="true"/>
      <style token="COMMENT_MULTILINE" fg="808080" italic="true"/>
      <style token="COMMENT_KEYWORD" fg="808080" bold="true" underline="true" italic="true"/>
      <style token="COMMENT_MARKUP" fg="808080" bg="e2ffe2" italic="true"/>
      <style token="DATA_TYPE" fg="000080" bold="true"/>
      <style token="FUNCTION" fg="000000"/>
      <style token="LITERAL_BOOLEAN" fg="000080" bold="true"/>
      <style token="LITERAL_NUMBER_DECIMAL_INT" fg="0000ff"/>
      <style token="LITERAL_NUMBER_FLOAT" fg="0000ff"/>
      <style token="LITERAL_NUMBER_HEXADECIMAL" fg="0000ff"/>
      <style token="LITERAL_STRING_DOUBLE_QUOTE" fg="008000" bold="true"/>
      <style token="LITERAL_CHAR" fg="008000" bold="true"/>
      <style token="LITERAL_BACKQUOTE" fg="008000" bold="true"/>
      <style token="MARKUP_TAG_DELIMITER" fg="000000" bold="true"/>
      <style token="MARKUP_TAG_NAME" fg="000080" bold="true"/>
      <style token="MARKUP_TAG_ATTRIBUTE" fg="0000ff" bold="true"/>
      <style token="MARKUP_TAG_ATTRIBUTE_VALUE" fg="008000" bold="true"/>
      <style token="MARKUP_COMMENT" fg="808080" italic="true"/>
      <style token="MARKUP_DTD" fg="808080"/>
      <style token="MARKUP_PROCESSING_INSTRUCTION" fg="808080"/>
      <style token="MARKUP_CDATA" fg="cc6600"/>
      <style token="MARKUP_CDATA_DELIMITER" fg="008080"/>
      <style token="MARKUP_ENTITY_REFERENCE" fg="008000"/>
      <style token="OPERATOR" fg="000000"/>
      <style token="PREPROCESSOR" fg="808080"/>
      <style token="REGEX" fg="008040"/>
      <style token="SEPARATOR" fg="000000"/>
      <style token="VARIABLE" fg="810ca8" bold="true"/>
      <style token="WHITESPACE" fg="000000"/>

      <style token="ERROR_IDENTIFIER" fg="ff0000"/>
      <style token="ERROR_NUMBER_FORMAT" fg="ff0000"/>
      <style token="ERROR_STRING_DOUBLE" fg="ff0000"/>
      <style token="ERROR_CHAR" fg="ff0000"/>
   </tokenStyles>

</RSyntaxTheme>